{
    "MC_NUM_dZ_DEN_hlt_Mu17_Mu8_OR_TkMu8_loose_PAR_eta1_eta2": {
        "tag_abseta_abseta_DATA": {
            ":[0.0,0.9]": {
                ":[0.0,0.9]": {
                    "value": 0.99928545951843262,
                    "error": 4.3209751152788684e-05
                },
                ":[0.9,1.2]": {
                    "value": 0.99920421838760376,
                    "error": 7.8670027154052814e-05
                },
                ":[1.2,2.1]": {
                    "value": 0.99918127059936523,
                    "error": 6.0312038396586666e-05
                },
                ":[2.1,2.4]": {
                    "value": 0.99878972768783569,
                    "error": 0.00013011946990732989
                }
            },
            ":[0.9,1.2]": {
                ":[0.0,0.9]": {
                    "value": 0.99935895204544067,
                    "error": 9.096570369001867e-05
                },
                ":[0.9,1.2]": {
                    "value": 0.99898850917816162,
                    "error": 0.00016761528570969885
                },
                ":[1.2,2.1]": {
                    "value": 0.99903863668441772,
                    "error": 0.00010358285993843457
                },
                ":[2.1,2.4]": {
                    "value": 0.99893748760223389,
                    "error": 0.00026881351508408272
                }
            },
            ":[1.2,2.1]": {
                ":[0.0,0.9]": {
                    "value": 0.99909138679504395,
                    "error": 6.581502141373715e-05
                },
                ":[0.9,1.2]": {
                    "value": 0.99906826019287109,
                    "error": 0.00012302191173010167
                },
                ":[1.2,2.1]": {
                    "value": 0.99876129627227783,
                    "error": 0.00010245383501713716
                },
                ":[2.1,2.4]": {
                    "value": 0.99855703115463257,
                    "error": 0.00045034357811686977
                }
            },
            ":[2.1,2.4]": {
                ":[0.0,0.9]": {
                    "value": 0.99870055913925171,
                    "error": 0.00022868412284187913
                },
                ":[0.9,1.2]": {
                    "value": 0.9985429048538208,
                    "error": 0.00039783293783908361
                },
                ":[1.2,2.1]": {
                    "value": 0.9981304407119751,
                    "error": 0.00037780153679592562
                },
                ":[2.1,2.4]": {
                    "value": 0.99849879741668701,
                    "error": 0.00064439371122341658
                }
            }
        },
        "abseta_tag_abseta_DATA": {
            ":[0.0,0.9]": {
                ":[0.0,0.9]": {
                    "value": 0.99928545951843262,
                    "error": 4.3209751152788684e-05
                },
                ":[0.9,1.2]": {
                    "value": 0.99935895204544067,
                    "error": 9.096570369001867e-05
                },
                ":[1.2,2.1]": {
                    "value": 0.99909138679504395,
                    "error": 6.581502141373715e-05
                },
                ":[2.1,2.4]": {
                    "value": 0.99870055913925171,
                    "error": 0.00022868412284187913
                }
            },
            ":[0.9,1.2]": {
                ":[0.0,0.9]": {
                    "value": 0.99920421838760376,
                    "error": 7.8670027154052814e-05
                },
                ":[0.9,1.2]": {
                    "value": 0.99898850917816162,
                    "error": 0.00016761528570969885
                },
                ":[1.2,2.1]": {
                    "value": 0.99906826019287109,
                    "error": 0.00012302191173010167
                },
                ":[2.1,2.4]": {
                    "value": 0.9985429048538208,
                    "error": 0.00039783293783908361
                }
            },
            ":[1.2,2.1]": {
                ":[0.0,0.9]": {
                    "value": 0.99918127059936523,
                    "error": 6.0312038396586666e-05
                },
                ":[0.9,1.2]": {
                    "value": 0.99903863668441772,
                    "error": 0.00010358285993843457
                },
                ":[1.2,2.1]": {
                    "value": 0.99876129627227783,
                    "error": 0.00010245383501713716
                },
                ":[2.1,2.4]": {
                    "value": 0.9981304407119751,
                    "error": 0.00037780153679592562
                }
            },
            ":[2.1,2.4]": {
                ":[0.0,0.9]": {
                    "value": 0.99878972768783569,
                    "error": 0.00013011946990732989
                },
                ":[0.9,1.2]": {
                    "value": 0.99893748760223389,
                    "error": 0.00026881351508408272
                },
                ":[1.2,2.1]": {
                    "value": 0.99855703115463257,
                    "error": 0.00045034357811686977
                },
                ":[2.1,2.4]": {
                    "value": 0.99849879741668701,
                    "error": 0.00064439371122341658
                }
            }
        }
    },
    "MC_NUM_dZ_DEN_hlt_Mu17_Mu8_OR_TkMu8_tight_PAR_pt1": {},
    "MC_NUM_dZ_DEN_hlt_Mu17_Mu8_OR_TkMu8_tight_PAR_pt2": {},
    "MC_NUM_dZ_DEN_hlt_Mu17_Mu8_OR_TkMu8_loose_PAR_pt1": {},
    "MC_NUM_dZ_DEN_hlt_Mu17_Mu8_OR_TkMu8_loose_PAR_pt2": {},
    "MC_NUM_dZ_DEN_hlt_Mu17_Mu8_OR_TkMu8_tight_PAR_eta1_eta2": {
        "tag_abseta_abseta_DATA": {
            ":[0.0,0.9]": {
                ":[0.0,0.9]": {
                    "value": 0.99932861328125,
                    "error": 4.4741966893018562e-05
                },
                ":[0.9,1.2]": {
                    "value": 0.9992072582244873,
                    "error": 7.8986761437260878e-05
                },
                ":[1.2,2.1]": {
                    "value": 0.9992673397064209,
                    "error": 5.6435457434382661e-05
                },
                ":[2.1,2.4]": {
                    "value": 0.99904221296310425,
                    "error": 0.00012636794096284996
                }
            },
            ":[0.9,1.2]": {
                ":[0.0,0.9]": {
                    "value": 0.99936562776565552,
                    "error": 8.1822980597296698e-05
                },
                ":[0.9,1.2]": {
                    "value": 0.99897187948226929,
                    "error": 0.00018500679508338074
                },
                ":[1.2,2.1]": {
                    "value": 0.99908709526062012,
                    "error": 0.00011296861805727086
                },
                ":[2.1,2.4]": {
                    "value": 0.99901348352432251,
                    "error": 0.00024124505695977914
                }
            },
            ":[1.2,2.1]": {
                ":[0.0,0.9]": {
                    "value": 0.99918252229690552,
                    "error": 6.5905188745840287e-05
                },
                ":[0.9,1.2]": {
                    "value": 0.99906450510025024,
                    "error": 0.00093551696698390696
                },
                ":[1.2,2.1]": {
                    "value": 0.99884462356567383,
                    "error": 6.066962059347869e-06
                },
                ":[2.1,2.4]": {
                    "value": 0.99873346090316772,
                    "error": 0.00024526519130723637
                }
            },
            ":[2.1,2.4]": {
                ":[0.0,0.9]": {
                    "value": 0.99886471033096313,
                    "error": 0.00024136891288267776
                },
                ":[0.9,1.2]": {
                    "value": 0.99883711338043213,