{
    "MC_NUM_dZ_DEN_hlt_Mu17_Mu8_OR_TkMu8_loose_PAR_eta1_eta2": {
        "tag_abseta_abseta_MC": {
            ":[0.0,0.9]": {
                ":[0.0,0.9]": {
                    "value": 0.99265217781066895,
                    "error": 0.00010262994232541512
                },
                ":[0.9,1.2]": {
                    "value": 0.9929930567741394,
                    "error": 0.00017775880975895073
                },
                ":[1.2,2.1]": {
                    "value": 0.98934096097946167,
                    "error": 0.0001481028498408905
                },
                ":[2.1,2.4]": {
                    "value": 0.98692256212234497,
                    "error": 0.00037985139998260439
                }
            },
            ":[0.9,1.2]": {
                ":[0.0,0.9]": {
                    "value": 0.99256110191345215,
                    "error": 0.00020397874448448828
                },
                ":[0.9,1.2]": {
                    "value": 0.99342221021652222,
                    "error": 0.00029123998774408194
                },
                ":[1.2,2.1]": {
                    "value": 0.98964780569076538,
                    "error": 0.00027669863481579685
                },
                ":[2.1,2.4]": {
                    "value": 0.98675686120986938,
                    "error": 0.00074254571915921986
                }
            },
            ":[1.2,2.1]": {
                ":[0.0,0.9]": {
                    "value": 0.98975586891174316,
                    "error": 0.00014944459786205236
                },
                ":[0.9,1.2]": {
                    "value": 0.98965209722518921,
                    "error": 0.00031196355431221804
                },
                ":[1.2,2.1]": {
                    "value": 0.98631244897842407,
                    "error": 0.00022230577420610228
                },
                ":[2.1,2.4]": {
                    "value": 0.98284190893173218,
                    "error": 0.00050316787164443686
                }
            },
            ":[2.1,2.4]": {
                ":[0.0,0.9]": {
                    "value": 0.98666214942932129,
                    "error": 0.00052453202792916861
                },
                ":[0.9,1.2]": {
                    "value": 0.98589116334915161,
                    "error": 0.0007220555122664468
                },
                ":[1.2,2.1]": {
                    "value": 0.98301255702972412,
                    "error": 0.00056830444924603994
                },
                ":[2.1,2.4]": {
                    "value": 0.97898167371749878,
                    "error": 0.0012556673954976128
                }
            }
        },
        "abseta_tag_abseta_MC": {
            ":[0.0,0.9]": {
                ":[0.0,0.9]": {
                    "value": 0.99265217781066895,
                    "error": 0.00010262994232541512
                },
                ":[0.9,1.2]": {
                    "value": 0.99256110191345215,
                    "error": 0.00020397874448448828
                },
                ":[1.2,2.1]": {
                    "value": 0.98975586891174316,
                    "error": 0.00014944459786205236
                },
                ":[2.1,2.4]": {
                    "value": 0.98666214942932129,
                    "error": 0.00052453202792916861
                }
            },
            ":[0.9,1.2]": {
                ":[0.0,0.9]": {
                    "value": 0.9929930567741394,
                    "error": 0.00017775880975895073
                },
                ":[0.9,1.2]": {
                    "value": 0.99342221021652222,
                    "error": 0.00029123998774408194
                },
                ":[1.2,2.1]": {
                    "value": 0.98965209722518921,
                    "error": 0.00031196355431221804
                },
                ":[2.1,2.4]": {
                    "value": 0.98589116334915161,
                    "error": 0.0007220555122664468
                }
            },
            ":[1.2,2.1]": {
                ":[0.0,0.9]": {
                    "value": 0.98934096097946167,
                    "error": 0.0001481028498408905
                },
                ":[0.9,1.2]": {
                    "value": 0.98964780569076538,
                    "error": 0.00027669863481579685
                },
                ":[1.2,2.1]": {
                    "value": 0.98631244897842407,
                    "error": 0.00022230577420610228
                },
                ":[2.1,2.4]": {
                    "value": 0.98301255702972412,
                    "error": 0.00056830444924603994
                }
            },
            ":[2.1,2.4]": {
                ":[0.0,0.9]": {
                    "value": 0.98692256212234497,
                    "error": 0.00037985139998260439
                },
                ":[0.9,1.2]": {
                    "value": 0.98675686120986938,
                    "error": 0.00074254571915921986
                },
                ":[1.2,2.1]": {
                    "value": 0.98284190893173218,
                    "error": 0.00050316787164443686
                },
                ":[2.1,2.4]": {
                    "value": 0.97898167371749878,
                    "error": 0.0012556673954976128
                }
            }
        }
    },
    "MC_NUM_dZ_DEN_hlt_Mu17_Mu8_OR_TkMu8_tight_PAR_pt1": {},
    "MC_NUM_dZ_DEN_hlt_Mu17_Mu8_OR_TkMu8_tight_PAR_pt2": {},
    "MC_NUM_dZ_DEN_hlt_Mu17_Mu8_OR_TkMu8_loose_PAR_pt1": {},
    "MC_NUM_dZ_DEN_hlt_Mu17_Mu8_OR_TkMu8_loose_PAR_pt2": {},
    "MC_NUM_dZ_DEN_hlt_Mu17_Mu8_OR_TkMu8_tight_PAR_eta1_eta2": {
        "tag_abseta_abseta_MC": {
            ":[0.0,0.9]": {
                ":[0.0,0.9]": {
                    "value": 0.99355775117874146,
                    "error": 0.00026322618024703315
                },
                ":[0.9,1.2]": {
                    "value": 0.99362075328826904,
                    "error": 0.00015938754514189187
                },
                ":[1.2,2.1]": {
                    "value": 0.99007219076156616,
                    "error": 0.00014383226601732938
                },
                ":[2.1,2.4]": {
                    "value": 0.98857587575912476,
                    "error": 0.0003612858019616287
                }
            },
            ":[0.9,1.2]": {
                ":[0.0,0.9]": {
                    "value": 0.9932628870010376,
                    "error": 0.00017231631706185357
                },
                ":[0.9,1.2]": {
                    "value": 0.99393624067306519,
                    "error": 0.00029039561268183602
                },
                ":[1.2,2.1]": {
                    "value": 0.99030548334121704,
                    "error": 0.00025447511458734991
                },
                ":[2.1,2.4]": {
                    "value": 0.98693203926086426,
                    "error": 0.0011199380012262552
                }
            },
            ":[1.2,2.1]": {
                ":[0.0,0.9]": {
                    "value": 0.99050849676132202,
                    "error": 0.00014140227757186577
                },
                ":[0.9,1.2]": {
                    "value": 0.99027681350708008,
                    "error": 0.00028663723500405166
                },
                ":[1.2,2.1]": {
                    "value": 0.98695391416549683,
                    "error": 6.4330738421380929e-05
                },
                ":[2.1,2.4]": {
                    "value": 0.98359781503677368,
                    "error": 0.0011814956721669806
                }
            },
            ":[2.1,2.4]": {
                ":[0.0,0.9]": {
                    "value": 0.98781698942184448,
                    "error": 0.00060808668074185468
                },
                ":[0.9,1.2]": {
                    "value": 0.98768967390060425,