{
    "LooseISO_LooseID_pt_eta": {
        "pt_abseta_ratio": {
            "pt:[25.0,30.0]": {
                "abseta:[0.0,0.9]": {
                    "value": 0.99834805727005, 
                    "error": 0.0007791145952332396
                }, 
                "abseta:[1.2,2.1]": {
                    "value": 1.0007054805755615, 
                    "error": 0.0006667028834492813
                }, 
                "abseta:[2.1,2.4]": {
                    "value": 0.9990437030792236, 
                    "error": 0.0010860012222701353
                }, 
                "abseta:[0.9,1.2]": {
                    "value": 1.000577449798584, 
                    "error": 0.0013428799029172077
                }
            }, 
            "pt:[30.0,40.0]": {
                "abseta:[0.0,0.9]": {
                    "value": 0.9990124106407166, 
                    "error": 0.00022928046770918648
                }, 
                "abseta:[1.2,2.1]": {
                    "value": 1.0006344318389893, 
                    "error": 0.00023774865269030195
                }, 
                "abseta:[2.1,2.4]": {
                    "value": 0.9992378354072571, 
                    "error": 0.0004123259783096002
                }, 
                "abseta:[0.9,1.2]": {
                    "value": 1.0002254247665405, 
                    "error": 0.00042884858076353547
                }
            }, 
            "pt:[60.0,120.0]": {
                "abseta:[0.0,0.9]": {
                    "value": 0.9998149275779724, 
                    "error": 0.0002717946437577071
                }, 
                "abseta:[1.2,2.1]": {
                    "value": 0.9994309544563293, 
                    "error": 0.000288010899718244
                }, 
                "abseta:[2.1,2.4]": {
                    "value": 0.9999502301216125, 
                    "error": 0.000718065197014161
                }, 
                "abseta:[0.9,1.2]": {
                    "value": 1.0001126527786255, 
                    "error": 0.00047689507399091324
                }
            }, 
            "pt:[20.0,25.0]": {
                "abseta:[0.0,0.9]": {
                    "value": 0.9948092699050903, 
                    "error": 0.0015548924139755695
                }, 
                "abseta:[1.2,2.1]": {
                    "value": 0.9989667534828186, 
                    "error": 0.0010944567186782364
                }, 
                "abseta:[2.1,2.4]": {
                    "value": 0.9933048486709595, 
                    "error": 0.0018879319245298746
                }, 
                "abseta:[0.9,1.2]": {
                    "value": 0.9963571429252625, 
                    "error": 0.0024153751548630902
                }
            }, 
            "pt:[40.0,50.0]": {
                "abseta:[0.0,0.9]": {
                    "value": 0.9989691972732544, 
                    "error": 5.864900302221479e-05
                }, 
                "abseta:[1.2,2.1]": {
                    "value": 0.9994879364967346, 
                    "error": 5.015129665975607e-06
                }, 
                "abseta:[2.1,2.4]": {
                    "value": 0.9996326565742493, 
                    "error": 0.0002222160169547585
                }, 
                "abseta:[0.9,1.2]": {
                    "value": 0.9990395903587341, 
                    "error": 0.00017448881951954303
                }
            }, 
            "pt:[50.0,60.0]": {
                "abseta:[0.0,0.9]": {
                    "value": 0.9994224905967712, 
                    "error": 0.00018516032478332618
                }, 
                "abseta:[1.2,2.1]": {
                    "value": 0.9994584321975708, 
                    "error": 0.0001887338430449278
                }, 
                "abseta:[2.1,2.4]": {
                    "value": 0.9992160201072693, 
                    "error": 0.000426015755184956
                }, 
                "abseta:[0.9,1.2]": {
                    "value": 1.0001147985458374, 
                    "error": 0.0003237598343984535
                }
            }
        }
    }
}  