{
"LooseISO_LooseID_pt_eta": {
        "pt_abseta_ratio": {
            "pt:[25.0,30.0]": {
                "abseta:[0.0,0.9]": {
                    "value": 0.9981151223182678, 
                    "error": 0.0007978547225730189
                }, 
                "abseta:[1.2,2.1]": {
                    "value": 1.0021071434020996, 
                    "error": 0.0006324457003186804
                }, 
                "abseta:[2.1,2.4]": {
                    "value": 1.0038812160491943, 
                    "error": 0.0010619580291553695
                }, 
                "abseta:[0.9,1.2]": {
                    "value": 1.0003629922866821, 
                    "error": 0.0014019958096358673
                }
            }, 
            "pt:[30.0,40.0]": {
                "abseta:[0.0,0.9]": {
                    "value": 0.9985136985778809, 
                    "error": 0.00023543351253604017
                }, 
                "abseta:[1.2,2.1]": {
                    "value": 1.0011043548583984, 
                    "error": 0.00023410308262556567
                }, 
                "abseta:[2.1,2.4]": {
                    "value": 1.0009872913360596, 
                    "error": 0.00040359068030639325
                }, 
                "abseta:[0.9,1.2]": {
                    "value": 1.0004063844680786, 
                    "error": 0.00042868453499942104
                }
            }, 
            "pt:[60.0,120.0]": {
                "abseta:[0.0,0.9]": {
                    "value": 0.999878466129303, 
                    "error": 0.00027015827010158205
                }, 
                "abseta:[1.2,2.1]": {
                    "value": 0.9996679425239563, 
                    "error": 0.00028615512065183354
                }, 
                "abseta:[2.1,2.4]": {
                    "value": 1.000587821006775, 
                    "error": 0.0007212942156597073
                }, 
                "abseta:[0.9,1.2]": {
                    "value": 0.9999812841415405, 
                    "error": 0.0004790572817542593
                }
            }, 
            "pt:[20.0,25.0]": {
                "abseta:[0.0,0.9]": {
                    "value": 0.9913793206214905, 
                    "error": 0.0016222606677659683
                }, 
                "abseta:[1.2,2.1]": {
                    "value": 1.0005149841308594, 
                    "error": 0.0010918273193089272
                }, 
                "abseta:[2.1,2.4]": {
                    "value": 1.0006941556930542, 
                    "error": 0.001856086725758255
                }, 
                "abseta:[0.9,1.2]": {
                    "value": 0.9983072876930237, 
                    "error": 0.0024431368164970443
                }
            }, 
            "pt:[40.0,50.0]": {
                "abseta:[0.0,0.9]": {
                    "value": 0.9991632103919983, 
                    "error": 0.00010620497279179958
                }, 
                "abseta:[1.2,2.1]": {
                    "value": 0.9996386170387268, 
                    "error": 2.1124803760020863e-06
                }, 
                "abseta:[2.1,2.4]": {
                    "value": 1.0003851652145386, 
                    "error": 0.00018349947871828837
                }, 
                "abseta:[0.9,1.2]": {
                    "value": 0.9995023608207703, 
                    "error": 4.6450256237808135e-06
                }
            }, 
            "pt:[50.0,60.0]": {
                "abseta:[0.0,0.9]": {
                    "value": 0.9996442794799805, 
                    "error": 0.0001879079521999704
                }, 
                "abseta:[1.2,2.1]": {
                    "value": 0.9997607469558716, 
                    "error": 0.00018720637150756322
                }, 
                "abseta:[2.1,2.4]": {
                    "value": 0.9999281764030457, 
                    "error": 0.0004407961862353725
                }, 
                "abseta:[0.9,1.2]": {
                    "value": 0.9995049238204956, 
                    "error": 0.00033390183581508755
                }
            }
        }, 
        "abseta_pt_ratio": {
            "abseta:[0.0,0.9]": {
                "pt:[25.0,30.0]": {
                    "value": 0.9981151223182678, 
                    "error": 0.0007978547225730189
                }, 
                "pt:[30.0,40.0]": {
                    "value": 0.9985136985778809, 
                    "error": 0.00023543351253604017
                }, 
                "pt:[60.0,120.0]": {
                    "value": 0.999878466129303, 
                    "error": 0.00027015827010158205
                }, 
                "pt:[20.0,25.0]": {
                    "value": 0.9913793206214905, 
                    "error": 0.0016222606677659683
                }, 
                "pt:[40.0,50.0]": {
                    "value": 0.9991632103919983, 
                    "error": 0.00010620497279179958
                }, 
                "pt:[50.0,60.0]": {
                    "value": 0.9996442794799805, 
                    "error": 0.0001879079521999704
                }
            }, 
            "abseta:[1.2,2.1]": {
                "pt:[25.0,30.0]": {
                    "value": 1.0021071434020996, 
                    "error": 0.0006324457003186804
                }, 
                "pt:[30.0,40.0]": {
                    "value": 1.0011043548583984, 
                    "error": 0.00023410308262556567
                }, 
                "pt:[60.0,120.0]": {
                    "value": 0.9996679425239563, 
                    "error": 0.00028615512065183354
                }, 
                "pt:[20.0,25.0]": {
                    "value": 1.0005149841308594, 
                    "error": 0.0010918273193089272
                }, 
                "pt:[40.0,50.0]": {
                    "value": 0.9996386170387268, 
                    "error": 2.1124803760020863e-06
                }, 
                "pt:[50.0,60.0]": {
                    "value": 0.9997607469558716, 
                    "error": 0.00018720637150756322
                }
            }, 
            "abseta:[2.1,2.4]": {
                "pt:[25.0,30.0]": {
                    "value": 1.0038812160491943, 
                    "error": 0.0010619580291553695
                }, 
                "pt:[30.0,40.0]": {
                    "value": 1.0009872913360596, 
                    "error": 0.00040359068030639325
                }, 
                "pt:[60.0,120.0]": {
                    "value": 1.000587821006775, 
                    "error": 0.0007212942156597073
                }, 
                "pt:[20.0,25.0]": {
                    "value": 1.0006941556930542, 
                    "error": 0.001856086725758255
                }, 
                "pt:[40.0,50.0]": {
                    "value": 1.0003851652145386, 
                    "error": 0.00018349947871828837
                }, 
                "pt:[50.0,60.0]": {
                    "value": 0.9999281764030457, 
                    "error": 0.0004407961862353725
                }
            }, 
            "abseta:[0.9,1.2]": {
                "pt:[25.0,30.0]": {
                    "value": 1.0003629922866821, 
                    "error": 0.0014019958096358673
                }, 
                "pt:[30.0,40.0]": {
                    "value": 1.0004063844680786, 
                    "error": 0.00042868453499942104
                }, 
                "pt:[60.0,120.0]": {
                    "value": 0.9999812841415405, 
                    "error": 0.0004790572817542593
                }, 
                "pt:[20.0,25.0]": {
                    "value": 0.9983072876930237, 
                    "error": 0.0024431368164970443
                }, 
                "pt:[40.0,50.0]": {
                    "value": 0.9995023608207703, 
                    "error": 4.6450256237808135e-06
                },