{
    "Graph": {
        "ratio_eff_eta3_dr030e030_corr": {
            "[0.3,0.6]": {
                "value": 0.9995438124020598, 
                "error": 0.00010682948728324803
            }, 
            "[1.6,2.1]": {
                "value": 0.9985653750265423, 
                "error": 0.00022592422868176733
            }, 
            "[-1.6,-1.2]": {
                "value": 0.9983869687136971, 
                "error": 0.00020714168700300623
            }, 
            "[-1.2,-0.9]": {
                "value": 0.9986657663112408, 
                "error": 0.00022764515025504558
            }, 
            "[0.2,0.3]": {
                "value": 0.9996777911547765, 
                "error": 0.00019112037149574392
            }, 
            "[-2.1,-1.6]": {
                "value": 0.9978792961910087, 
                "error": 0.00024607010797048784
            }, 
            "[1.2,1.6]": {
                "value": 0.9970509207031154, 
                "error": 0.00021782915346301105
            }, 
            "[-0.3,-0.2]": {
                "value": 0.9992798926030602, 
                "error": 0.00018280655404806883
            }, 
            "[-0.2,0.2]": {
                "value": 0.9994046333560425, 
                "error": 8.101774373866542e-05
            }, 
            "[-0.9,-0.6]": {
                "value": 0.9991737715514227, 
                "error": 0.00011160306839485595
            }, 
            "[0.6,0.9]": {
                "value": 0.9993106406080572, 
                "error": 0.00011794715715258099
            }, 
            "[-2.4,-2.1]": {
                "value": 1.0000848617425007, 
                "error": 0.0008729277131812017
            }, 
            "[2.1,2.4]": {
                "value": 0.9982433851578324, 
                "error": 0.0008499705963172395
            }, 
            "[0.9,1.2]": {
                "value": 0.9983820365229589, 
                "error": 0.00022813095767871338
            }, 
            "[-0.6,-0.3]": {
                "value": 0.999416006812882, 
                "error": 0.0001057511695916733
            }
        }
    }
}