{
"MC_NUM_TightRelIso_DEN_TightID_PAR_pt_spliteta_bin1": {
 "abseta_pt_ratio": {
            "abseta:[0.0,0.9]": {
                "pt:[100.0,200.0]": {
                    "value": 1.0000724792480469, 
                    "error": 0.002222422160643971
                }, 
                "pt:[25.0,30.0]": {
                    "value": 0.9886054992675781, 
                    "error": 0.0016634433524109712
                }, 
                "pt:[30.0,40.0]": {
                    "value": 0.9920431971549988, 
                    "error": 0.0005805560813145216
                }, 
                "pt:[60.0,100.0]": {
                    "value": 0.9990229606628418, 
                    "error": 0.0007038512350749697
                }, 
                "pt:[20.0,25.0]": {
                    "value": 0.9823234677314758, 
                    "error": 0.0029855446582054213
                }, 
                "pt:[40.0,50.0]": {
                    "value": 0.994218111038208, 
                    "error": 0.0003277836850842043
                }, 
                "pt:[50.0,60.0]": {
                    "value": 0.9964566826820374, 
                    "error": 0.0005562091096670812
                }
            }, 
            "abseta:[1.2,2.1]": {
                "pt:[100.0,200.0]": {
                    "value": 1.0057064294815063, 
                    "error": 0.0028140574267619066
                }, 
                "pt:[25.0,30.0]": {
                    "value": 0.993867039680481, 
                    "error": 0.0014007419149518812
                }, 
                "pt:[30.0,40.0]": {
                    "value": 0.9975237250328064, 
                    "error": 0.0005823808074392039
                }, 
                "pt:[60.0,100.0]": {
                    "value": 0.9984328150749207, 
                    "error": 0.0006696394667707392
                }, 
                "pt:[20.0,25.0]": {
                    "value": 0.9868592023849487, 
                    "error": 0.002204217654985807
                }, 
                "pt:[40.0,50.0]": {
                    "value": 0.9979499578475952, 
                    "error": 0.0002468530641184205
                }, 
                "pt:[50.0,60.0]": {
                    "value": 0.9990477561950684, 
                    "error": 0.0005205625641118538
                }
            }, 
            "abseta:[2.1,2.4]": {
                "pt:[100.0,200.0]": {
                    "value": 0.9985803365707397, 
                    "error": 0.0058726487805307965
                }, 
                "pt:[25.0,30.0]": {
                    "value": 0.9875286817550659, 
                    "error": 0.0023764308281116297
                }, 
                "pt:[30.0,40.0]": {
                    "value": 0.9935393333435059, 
                    "error": 0.0010182221975454573
                }, 
                "pt:[60.0,100.0]": {
                    "value": 1.0007342100143433, 
                    "error": 0.0015364351699758325
                }, 
                "pt:[20.0,25.0]": {
                    "value": 0.9833972454071045, 
                    "error": 0.003817187756224348
                }, 
                "pt:[40.0,50.0]": {
                    "value": 0.9963923096656799, 
                    "error": 0.0003940464970303633
                }, 
                "pt:[50.0,60.0]": {
                    "value": 0.9979455471038818, 
                    "error": 0.001082519648965215
                }
            }, 
            "abseta:[0.9,1.2]": {
                "pt:[100.0,200.0]": {
                    "value": 0.995708703994751, 
                    "error": 0.004245656586527022
                }, 
                "pt:[25.0,30.0]": {
                    "value": 0.9947086572647095, 
                    "error": 0.0028920173248519142
                }, 
                "pt:[30.0,40.0]": {
                    "value": 0.9980897307395935, 
                    "error": 0.0010610536088029978
                }, 
                "pt:[60.0,100.0]": {
                    "value": 0.9995092749595642, 
                    "error": 0.0011041416677162598
                }, 
                "pt:[20.0,25.0]": {
                    "value": 0.9860090017318726, 
                    "error": 0.004568715385396271
                }, 
                "pt:[40.0,50.0]": {
                    "value": 0.9978734254837036, 
                    "error": 0.0004481706040350485
                }, 
                "pt:[50.0,60.0]": {
                    "value": 0.9993523359298706, 
                    "error": 0.000926904439542756
                }
            }
        }
    }
}						       