{
    "IsoMu22_OR_IsoTkMu22_PtBins_Run273158_to_274093": {
        "histo_pt_DATA": {
            "pt:[22.0,24.0]": {
                "pt_mean": 23.0539155235122,
                "value": 0.8150746822357178,
                "error": 0.003931185472330552
            },
            "pt:[18.0,22.0]": {
                "pt_mean": 20.214491805526485,
                "value": 0.02031577005982399,
                "error": 0.0012357130321524947
            },
            "pt:[120.0,200.0]": {
                "pt_mean": 145.43154671534953,
                "value": 0.8707231283187866,
                "error": 0.009102904662102776
            },
            "pt:[15.0,18.0]": {
                "pt_mean": 16.61617830899677,
                "value": 0.0005244839703664184,
                "error": 0.000372019329270458
            },
            "pt:[10.0,15.0]": {
                "pt_mean": 12.880957461084066,
                "value": 0.0,
                "error": 0.0003289166514319136
            },
            "pt:[80.0,120.0]": {
                "pt_mean": 92.77526335148116,
                "value": 0.9076436161994934,
                "error": 0.0036775200764865373
            },
            "pt:[26.0,30.0]": {
                "pt_mean": 28.147628304170663,
                "value": 0.8733281493186951,
                "error": 0.0017007372831226687
            },
            "pt:[30.0,40.0]": {
                "pt_mean": 35.557236750709706,
                "value": 0.8935970067977905,
                "error": 0.0007201388473364955
            },
            "pt:[24.0,26.0]": {
                "pt_mean": 25.04280583629435,
                "value": 0.8508457541465759,
                "error": 0.003110396945338922
            },
            "pt:[200.0,500.0]": {
                "pt_mean": 256.0256797841053,
                "value": 0.8327086567878723,
                "error": 0.023532955956573592
            },
            "pt:[60.0,80.0]": {
                "pt_mean": 67.21829953961951,
                "value": 0.9034730792045593,
                "error": 0.001978037252854989
            },
            "pt:[50.0,60.0]": {
                "pt_mean": 53.885582554665426,
                "value": 0.9058305621147156,
                "error": 0.001300200983400557
            },
            "pt:[0.0,10.0]": {
                "pt_mean": 6.705786260868123,
                "value": 0.0,
                "error": 0.0009182741536544746
            },
            "pt:[40.0,50.0]": {
                "pt_mean": 44.35624482878992,
                "value": 0.9032442569732666,
                "error": 0.0005824783451528135
            }
        }
    }
}