{
	"WP90PlusIso_BCD" : {
		"eta_pt_ratio" : {
			"eta:[ 0.00, 0.80]":{
				"pt:[10.00,20.00]":{
					"value":0.984544049459,
					"error":0.0154861857915
				},
				"pt:[20.00,25.00]":{
					"value":0.984334203655,
					"error":0.00799441822057
				},
				"pt:[25.00,30.00]":{
					"value":0.978021978022,
					"error":0.00684449521971
				},
				"pt:[30.00,35.00]":{
					"value":0.973130841121,
					"error":0.00260765944898
				},
				"pt:[35.00,40.00]":{
					"value":0.974943052392,
					"error":0.00306375369149
				},
				"pt:[40.00,50.00]":{
					"value":0.977827050998,
					"error":0.00206835676439
				},
				"pt:[50.00,60.00]":{
					"value":0.979280261723,
					"error":0.00224081827479
				},
				"pt:[60.00,70.00]":{
					"value":0.980456026059,
					"error":0.00459657712581
				},
				"pt:[70.00,200.00]":{
					"value":0.985915492958,
					"error":0.00324851109908
				}
			},
			"eta:[ 0.80, 1.44]":{
				"pt:[10.00,20.00]":{
					"value":0.934010152284,
					"error":0.0101623599442
				},
				"pt:[20.00,25.00]":{
					"value":0.937837837838,
					"error":0.0132480665572
				},
				"pt:[25.00,30.00]":{
					"value":0.953692115144,
					"error":0.00775976998826
				},
				"pt:[30.00,35.00]":{
					"value":0.956419316843,
					"error":0.0037233806006
				},
				"pt:[35.00,40.00]":{
					"value":0.963594994312,
					"error":0.00170357751278
				},
				"pt:[40.00,50.00]":{
					"value":0.970198675497,
					"error":0.0191802332732
				},
				"pt:[50.00,60.00]":{
					"value":0.974890829694,
					"error":0.0021083197312
				},
				"pt:[60.00,70.00]":{
					"value":0.972972972973,
					"error":0.00435092161268
				},
				"pt:[70.00,200.00]":{
					"value":0.97950377562,
					"error":0.00462739390373
				}
			},
			"eta:[ 1.44, 1.57]":{
				"pt:[10.00,20.00]":{
					"value":0.936170212766,
					"error":0.0294499679237
				},
				"pt:[20.00,25.00]":{
					"value":0.875714285714,
					"error":0.0194157167263
				},
				"pt:[25.00,30.00]":{
					"value":0.920261437908,
					"error":0.0197055022513
				},
				"pt:[30.00,35.00]":{
					"value":0.935207823961,
					"error":0.010619427775
				},
				"pt:[35.00,40.00]":{
					"value":0.955399061033,
					"error":0.0550973427861
				},
				"pt:[40.00,50.00]":{
					"value":0.95393258427,
					"error":0.00492698730342
				},
				"pt:[50.00,60.00]":{
					"value":0.966666666667,
					"error":0.00661653264176
				},
				"pt:[60.00,70.00]":{
					"value":0.969026548673,
					"error":0.0141602032189
				},
				"pt:[70.00,200.00]":{
					"value":0.945770065076,
					"error":0.0188441161167
				}
			},
			"eta:[ 1.57, 1.80]":{
				"pt:[10.00,20.00]":{
					"value":0.854765506808,
					"error":0.0194831461442
				},
				"pt:[20.00,25.00]":{
					"value":0.870229007634,
					"error":0.0115904045914
				},
				"pt:[25.00,30.00]":{
					"value":0.909952606635,
					"error":0.00691653060499
				},
				"pt:[30.00,35.00]":{
					"value":0.929864253394,
					"error":0.00583212177719
				},
				"pt:[35.00,40.00]":{
					"value":0.939427312775,
					"error":0.00446866798935
				},
				"pt:[40.00,50.00]":{
					"value":0.959095801938,
					"error":0.00222030459107
				},
				"pt:[50.00,60.00]":{
					"value":0.972369819341,
					"error":0.00528686204626
				},
				"pt:[60.00,70.00]":{
					"value":0.9694092827,
					"error":0.00615316785424
				},
				"pt:[70.00,200.00]":{
					"value":0.988493723849,
					"error":0.00703132834907
				}
			},
			"eta:[ 1.80, 2.17]":{
				"pt:[10.00,20.00]":{
					"value":0.803652968037,
					"error":0.0163808520738
				},
				"pt:[20.00,25.00]":{
					"value":0.862467866324,
					"error":0.0081546128152
				},
				"pt:[25.00,30.00]":{
					"value":0.894357743097,
					"error":0.00581256577628
				},
				"pt:[30.00,35.00]":{
					"value":0.915234822451,
					"error":0.00499301139008
				},
				"pt:[35.00,40.00]":{
					"value":0.937639198218,
					"error":0.00300070647982
				},
				"pt:[40.00,50.00]":{
					"value":0.95232936078,
					"error":0.0415990334684
				},
				"pt:[50.00,60.00]":{
					"value":0.960596379127,
					"error":0.00324241073044
				},
				"pt:[60.00,70.00]":{
					"value":0.961985216473,
					"error":0.00669265113263
				},
				"pt:[70.00,200.00]":{
					"value":0.983263598326,
					"error":0.00709949155327
				}
			},
			"eta:[ 2.17, 2.50]":{
				"pt:[10.00,20.00]":{
					"value":0.894444444444,
					"error":0.0176808741573
				},
				"pt:[20.00,25.00]":{
					"value":0.900699300699,
					"error":0.0139489563726
				},
				"pt:[25.00,30.00]":{
					"value":0.922879177378,
					"error":0.00931350535495
				},
				"pt:[30.00,35.00]":{
					"value":0.934703748489,
					"error":0.00737670694359
				},
				"pt:[35.00,40.00]":{
					"value":0.945412311266,
					"error":0.00482799253585
				},
				"pt:[40.00,50.00]":{
					"value":0.957207207207,
					"error":0.00428403956372
				},
				"pt:[50.00,60.00]":{
					"value":0.962513781698,
					"error":0.0446904326997
				},
				"pt:[60.00,70.00]":{
					"value":0.976948408342,
					"error":0.0129610157444
				},
				"pt:[70.00,200.00]":{
					"value":0.955866523143,
					"error":0.0116821686874
				}
			},
			"eta:[-0.80, 0.00]":{
				"pt:[10.00,20.00]":{
					"value":0.967084639498,
					"error":0.0154861857915
				},
				"pt:[20.00,25.00]":{
					"value":0.960835509138,
					"error":0.00799441822057
				},
				"pt:[25.00,30.00]":{
					"value":0.963459196102,
					"error":0.00684449521971
				},
				"pt:[30.00,35.00]":{
					"value":0.956926658906,
					"error":0.00260765944898
				},
				"pt:[35.00,40.00]":{
					"value":0.960362400906,
					"error":0.00306392498996
				},
				"pt:[40.00,50.00]":{
					"value":0.964718853363,
					"error":0.00206835676439
				},
				"pt:[50.00,60.00]":{
					"value":0.964247020585,
					"error":0.00224081827479
				},
				"pt:[60.00,70.00]":{
					"value":0.974054054054,
					"error":0.00459657712581
				},
				"pt:[70.00,200.00]":{
					"value":0.977272727273,
					"error":0.00324851109908
				}
			},
			"eta:[-1.44,-0.80]":{
				"pt:[10.00,20.00]":{
					"value":0.92474916388,
					"error":0.0101623599442
				},
				"pt:[20.00,25.00]":{
					"value":0.943472409152,
					"error":0.0132480665572
				},
				"pt:[25.00,30.00]":{
					"value":0.949131513648,
					"error":0.00775970484719
				},
				"pt:[30.00,35.00]":{
					"value":0.961267605634,
					"error":0.00372325973213
				},
				"pt:[35.00,40.00]":{
					"value":0.965986394558,
					"error":0.00170357751278
				},
				"pt:[40.00,50.00]":{
					"value":0.971397139714,
					"error":0.0191671000981
				},
				"pt:[50.00,60.00]":{
					"value":0.968512486428,
					"error":0.0021083197312
				},
				"pt:[60.00,70.00]":{
					"value":0.980603448276,
					"error":0.00435092161268
				},
				"pt:[70.00,200.00]":{
					"value":0.975321888412,
					"error":0.00462739390373
				}
			},
			"eta:[-1.57,-1.44]":{
				"pt:[10.00,20.00]":{
					"value":0.895495495495,
					"error":0.0294499679237
				},
				"pt:[20.00,25.00]":{
					"value":0.923186344239,
					"error":0.0194151034503
				},
				"pt:[25.00,30.00]":{
					"value":0.970783532537,
					"error":0.0197053875489
				},
				"pt:[30.00,35.00]":{
					"value":0.951851851852,
					"error":0.010619404641
				},
				"pt:[35.00,40.00]":{
					"value":0.970518867925,
					"error":0.0551156558874
				},
				"pt:[40.00,50.00]":{
					"value":0.965207631874,
					"error":0.00492698730342
				},
				"pt:[50.00,60.00]":{
					"value":0.972253052164,
					"error":0.00661653264176
				},
				"pt:[60.00,70.00]":{
					"value":0.958287596048,
					"error":0.0141588353441
				},
				"pt:[70.00,200.00]":{
					"value":1.00438116101,
					"error":0.018844988208
				}
			},
			"eta:[-1.80,-1.57]":{
				"pt:[10.00,20.00]":{
					"value":0.824850299401,
					"error":0.019482966411
				},
				"pt:[20.00,25.00]":{
					"value":0.875471698113,
					"error":0.0115902248107
				},
				"pt:[25.00,30.00]":{
					"value":0.892815076561,
					"error":0.00691631713801
				},
				"pt:[30.00,35.00]":{
					"value":0.916384180791,