{
	"WP90PlusIso_BCDEF" : {
		"eta_pt_ratio" : {
			"eta:[ 0.00, 0.80]":{
				"pt:[10.00,20.00]":{
					"value":0.941267387944,
					"error":0.0133761840034
				},
				"pt:[20.00,25.00]":{
					"value":0.945169712794,
					"error":0.00530289713096
				},
				"pt:[25.00,30.00]":{
					"value":0.952380952381,
					"error":0.00480122431342
				},
				"pt:[30.00,35.00]":{
					"value":0.956775700935,
					"error":0.0280802472616
				},
				"pt:[35.00,40.00]":{
					"value":0.961275626424,
					"error":0.0022714366837
				},
				"pt:[40.00,50.00]":{
					"value":0.967849223947,
					"error":0.00199311844968
				},
				"pt:[50.00,60.00]":{
					"value":0.971646673937,
					"error":0.0025491389999
				},
				"pt:[60.00,70.00]":{
					"value":0.973941368078,
					"error":0.0044377056904
				},
				"pt:[70.00,200.00]":{
					"value":0.979414951246,
					"error":0.00297085082692
				}
			},
			"eta:[ 0.80, 1.44]":{
				"pt:[10.00,20.00]":{
					"value":0.908629441624,
					"error":0.00913606433238
				},
				"pt:[20.00,25.00]":{
					"value":0.914864864865,
					"error":0.0100243214749
				},
				"pt:[25.00,30.00]":{
					"value":0.938673341677,
					"error":0.00861330656154
				},
				"pt:[30.00,35.00]":{
					"value":0.946996466431,
					"error":0.0026940480276
				},
				"pt:[35.00,40.00]":{
					"value":0.95449374289,
					"error":0.00179572837034
				},
				"pt:[40.00,50.00]":{
					"value":0.962472406181,
					"error":0.00190859593121
				},
				"pt:[50.00,60.00]":{
					"value":0.96943231441,
					"error":0.00196273885436
				},
				"pt:[60.00,70.00]":{
					"value":0.968648648649,
					"error":0.00438426249576
				},
				"pt:[70.00,200.00]":{
					"value":0.978425026969,
					"error":0.00459602137994
				}
			},
			"eta:[ 1.44, 1.57]":{
				"pt:[10.00,20.00]":{
					"value":0.906028368794,
					"error":0.0262527807356
				},
				"pt:[20.00,25.00]":{
					"value":0.851428571429,
					"error":0.0182850053271
				},
				"pt:[25.00,30.00]":{
					"value":0.909803921569,
					"error":0.0199377417002
				},
				"pt:[30.00,35.00]":{
					"value":0.931540342298,
					"error":0.0102824486579
				},
				"pt:[35.00,40.00]":{
					"value":0.943661971831,
					"error":0.0061131204973
				},
				"pt:[40.00,50.00]":{
					"value":0.947191011236,
					"error":0.00502205048287
				},
				"pt:[50.00,60.00]":{
					"value":0.957777777778,
					"error":0.00960011618406
				},
				"pt:[60.00,70.00]":{
					"value":0.95685840708,
					"error":0.0124188660472
				},
				"pt:[70.00,200.00]":{
					"value":0.945770065076,
					"error":0.0158858724392
				}
			},
			"eta:[ 1.57, 1.80]":{
				"pt:[10.00,20.00]":{
					"value":0.816944024206,
					"error":0.0181212860478
				},
				"pt:[20.00,25.00]":{
					"value":0.852417302799,
					"error":0.0124552317138
				},
				"pt:[25.00,30.00]":{
					"value":0.890995260664,
					"error":0.038639571921
				},
				"pt:[30.00,35.00]":{
					"value":0.912895927602,
					"error":0.0038523241126
				},
				"pt:[35.00,40.00]":{
					"value":0.928414096916,
					"error":0.00381089286594
				},
				"pt:[40.00,50.00]":{
					"value":0.949407965554,
					"error":0.00222030459107
				},
				"pt:[50.00,60.00]":{
					"value":0.964930924548,
					"error":0.00489880151822
				},
				"pt:[60.00,70.00]":{
					"value":0.96835443038,
					"error":0.00592034396641
				},
				"pt:[70.00,200.00]":{
					"value":0.983263598326,
					"error":0.00612531628731
				}
			},
			"eta:[ 1.80, 2.17]":{
				"pt:[10.00,20.00]":{
					"value":0.751902587519,
					"error":0.0149536036533
				},
				"pt:[20.00,25.00]":{
					"value":0.823907455013,
					"error":0.0087413049542
				},
				"pt:[25.00,30.00]":{
					"value":0.864345738295,
					"error":0.0419295841269
				},
				"pt:[30.00,35.00]":{
					"value":0.895761741123,
					"error":0.00486351567148
				},
				"pt:[35.00,40.00]":{
					"value":0.920935412027,
					"error":0.0253595000079
				},
				"pt:[40.00,50.00]":{
					"value":0.938244853738,
					"error":0.0030216084216
				},
				"pt:[50.00,60.00]":{
					"value":0.947816826411,
					"error":0.00324241073044
				},
				"pt:[60.00,70.00]":{
					"value":0.957761351637,
					"error":0.00563557352275
				},
				"pt:[70.00,200.00]":{
					"value":0.973849372385,
					"error":0.00640427891696
				}
			},
			"eta:[ 2.17, 2.50]":{
				"pt:[10.00,20.00]":{
					"value":0.838888888889,
					"error":0.0182374894849
				},
				"pt:[20.00,25.00]":{
					"value":0.862937062937,
					"error":0.0141657925263
				},
				"pt:[25.00,30.00]":{
					"value":0.886889460154,
					"error":0.0105864841335
				},
				"pt:[30.00,35.00]":{
					"value":0.908101571947,
					"error":0.00781299628769
				},
				"pt:[35.00,40.00]":{
					"value":0.926829268293,
					"error":0.00530174773896
				},
				"pt:[40.00,50.00]":{
					"value":0.94481981982,
					"error":0.0035453664905
				},
				"pt:[50.00,60.00]":{
					"value":0.952590959206,
					"error":0.00600493685254
				},
				"pt:[60.00,70.00]":{
					"value":0.971459934138,
					"error":0.0123596636529
				},
				"pt:[70.00,200.00]":{
					"value":0.949407965554,
					"error":0.0099775253229
				}
			},
			"eta:[-0.80, 0.00]":{
				"pt:[10.00,20.00]":{
					"value":0.907523510972,
					"error":0.0133763019055
				},
				"pt:[20.00,25.00]":{
					"value":0.922976501305,
					"error":0.00530289713096
				},
				"pt:[25.00,30.00]":{
					"value":0.934226552984,
					"error":0.00480122431342
				},
				"pt:[30.00,35.00]":{
					"value":0.935972060536,
					"error":0.028060657303
				},
				"pt:[35.00,40.00]":{
					"value":0.943374858437,
					"error":0.0022714366837
				},
				"pt:[40.00,50.00]":{
					"value":0.951488423374,
					"error":0.00199311844968
				},
				"pt:[50.00,60.00]":{
					"value":0.954496208017,
					"error":0.0025491389999
				},
				"pt:[60.00,70.00]":{
					"value":0.965405405405,
					"error":0.00443781331487
				},
				"pt:[70.00,200.00]":{
					"value":0.969696969697,
					"error":0.00297101141445
				}
			},
			"eta:[-1.44,-0.80]":{
				"pt:[10.00,20.00]":{
					"value":0.887959866221,
					"error":0.00913606433238
				},
				"pt:[20.00,25.00]":{
					"value":0.919246298789,
					"error":0.0100243214749
				},
				"pt:[25.00,30.00]":{
					"value":0.935483870968,
					"error":0.00861324787567
				},
				"pt:[30.00,35.00]":{
					"value":0.948356807512,
					"error":0.0026940480276
				},
				"pt:[35.00,40.00]":{
					"value":0.958049886621,
					"error":0.00179572837034
				},
				"pt:[40.00,50.00]":{
					"value":0.963696369637,
					"error":0.00190859593121
				},
				"pt:[50.00,60.00]":{
					"value":0.963083604777,
					"error":0.00196273885436
				},
				"pt:[60.00,70.00]":{
					"value":0.974137931034,
					"error":0.00438426249576
				},
				"pt:[70.00,200.00]":{
					"value":0.974248927039,
					"error":0.00459602137994
				}
			},
			"eta:[-1.57,-1.44]":{
				"pt:[10.00,20.00]":{
					"value":0.864864864865,
					"error":0.0262527807356
				},
				"pt:[20.00,25.00]":{
					"value":0.911806543385,
					"error":0.0182848063533
				},
				"pt:[25.00,30.00]":{
					"value":0.956175298805,
					"error":0.0199377417002
				},
				"pt:[30.00,35.00]":{
					"value":0.948148148148,
					"error":0.0102824605996
				},
				"pt:[35.00,40.00]":{
					"value":0.96108490566,
					"error":0.0061131204973
				},
				"pt:[40.00,50.00]":{
					"value":0.956228956229,
					"error":0.00502205048287
				},
				"pt:[50.00,60.00]":{
					"value":0.967813540511,
					"error":0.0096016213697
				},
				"pt:[60.00,70.00]":{
					"value":0.953896816685,
					"error":0.0124177201666
				},
				"pt:[70.00,200.00]":{
					"value":1.00109529025,
					"error":0.0158861767078
				}
			},
			"eta:[-1.80,-1.57]":{
				"pt:[10.00,20.00]":{
					"value":0.784431137725,
					"error":0.0181212860478
				},
				"pt:[20.00,25.00]":{
					"value":0.850314465409,
					"error":0.0124555662944
				},
				"pt:[25.00,30.00]":{
					"value":0.878680800942,
					"error":0.0386153278277
				},
				"pt:[30.00,35.00]":{
					"value":0.898305084746,